19.89,20.12,19.89,20.05,3395700,20.05
20.13,20.18,19.90,19.95,4107500,19.95
20.25,20.38,20.07,20.11,5278800,20.11
20.29,20.55,20.00,20.30,6437700,20.30
20.42,20.45,20.10,20.20,5033500,20.20
20.28,20.40,19.96,20.35,5391500,20.35
19.98,20.33,19.81,20.25,5582900,20.25
20.08,20.24,19.92,19.98,4546600,19.98
20.40,20.72,20.04,20.19,8545500,20.19
20.16,20.42,19.92,20.30,7892600,20.30
19.89,20.03,19.48,20.00,5344900,20.00
20.20,20.20,19.85,19.85,4863500,19.85
20.10,20.23,19.90,20.08,4491100,20.08
20.28,20.36,19.85,20.08,7104700,20.08
20.43,20.43,20.05,20.22,6390800,20.22
20.39,21.15,20.09,20.60,12348900,20.60
19.62,20.49,19.60,20.40,9389800,20.40
20.08,20.11,19.80,19.82,5375200,19.82
20.35,20.46,19.90,19.99,7704500,19.99
20.11,21.22,20.11,20.27,13889500,20.27
19.38,20.20,19.30,20.12,12049400,20.12
18.81,19.45,18.80,19.41,6157700,19.41
19.50,19.65,18.30,19.07,8197500,19.07
19.25,19.78,19.10,19.65,9703700,19.65
18.88,19.12,18.81,19.10,4890600,19.10
19.29,19.38,18.88,18.97,4679200,18.97
19.25,19.38,18.90,19.13,5092300,19.13
19.38,19.85,19.32,19.45,5563700,19.45
19.65,19.90,19.27,19.36,6135400,19.336
18.98,20.08,18.83,19.83,6923400,19.80542
19.10,19.36,19.01,19.16,4496000,19.13625
20.07,20.20,19.11,19.15,7242800,19.12626
20.40,20.40,20.40,20.40,000,20.37471
20.40,20.40,20.40,20.40,000,20.37471
20.75,20.76,20.10,20.40,5666100,20.37471
20.82,20.97,20.52,20.63,6115000,20.60443
21.13,21.20,20.77,20.90,6506800,20.87409
21.20,21.38,20.94,21.14,9522400,21.11379
20.85,21.30,20.80,21.29,9763900,21.26361
21.30,21.36,20.93,21.07,11337600,21.04388
20.20,21.40,20.15,21.27,13681600,21.24363
20.15,20.70,19.85,20.43,7058100,20.40467
20.10,20.80,20.10,20.36,7095100,20.33476
20.26,20.44,19.62,20.20,6430600,20.17496
20.52,20.95,20.23,20.25,8154100,20.2249
21.40,21.50,20.66,20.69,14285700,20.66435
20.09,20.38,19.90,20.30,7469700,20.27483
19.50,20.02,19.38,20.02,6388400,19.99518
19.90,20.40,19.85,20.03,6348500,20.00517
20.81,20.95,19.50,19.85,7911900,19.82539
21.40,21.61,20.77,21.15,7045300,21.12378
20.85,21.13,20.62,21.11,4237000,21.08383
20.80,21.25,20.62,20.89,4746100,20.8641
21.42,21.42,20.33,20.81,6458000,20.7842
22.16,22.35,21.30,21.39,6707300,21.36348
21.99,22.44,21.85,22.10,4780700,22.0726
23.10,23.43,21.80,22.07,11270600,22.04264
23.82,24.99,23.76,23.93,18749700,23.90034
23.96,23.96,23.50,23.76,5429100,23.73055
23.80,24.02,23.62,23.75,7885200,23.72056
23.50,23.90,23.15,23.86,7489100,23.83042
23.16,23.16,23.16,23.16,000,23.13129
23.01,23.48,23.01,23.16,4723800,23.13129
23.68,23.95,22.88,23.49,8296700,23.46088
24.19,24.45,23.89,23.96,8598800,23.9303
23.75,23.96,23.45,23.85,6231500,23.82043
23.95,23.97,23.40,23.83,6843000,23.80046
23.30,23.78,23.08,23.76,7424700,23.73055
23.70,24.39,23.30,23.45,10292300,23.42093
26.11,26.11,23.30,23.86,16731200,23.83042
25.82,25.96,25.30,25.85,10138600,25.81796
25.80,25.80,25.28,25.58,9814000,25.54829
26.34,26.62,25.81,26.08,11864100,26.04767
26.55,26.69,25.73,26.35,16121300,26.31734
26.42,27.30,26.22,26.27,19530700,26.23743
26.43,26.80,25.80,26.17,12553000,26.13756
26.18,27.47,26.11,26.70,21590200,26.6669
25.55,26.16,25.08,25.90,13688600,25.86789
27.09,27.25,25.80,25.83,21359700,25.79798
26.93,27.50,26.75,27.01,18193900,26.97652
26.01,27.60,26.01,27.37,24171100,27.33607
26.18,26.18,26.18,26.18,000,26.14755
26.74,26.78,25.70,26.18,17432000,26.14755
25.90,27.80,25.78,26.91,34039600,26.87664
24.88,25.85,24.62,25.78,16209400,25.74804
24.87,25.35,24.20,24.64,13563800,24.60945
26.52,26.95,25.50,25.52,15868100,25.48836
25.35,26.30,25.35,26.00,12651000,25.96777
26.78,26.78,25.56,25.68,23822000,25.64817
26.71,27.15,26.53,27.03,18974000,26.99649
27.03,27.21,26.52,26.71,24830100,26.67689
26.20,27.96,25.85,27.56,36653400,27.52583
25.60,26.98,25.40,26.08,34330100,26.04767
24.43,25.58,23.80,25.57,25637700,25.5383
25.77,25.80,23.82,24.32,22102700,24.28985
25.61,25.99,25.00,25.20,16418600,25.16876
25.00,26.20,24.80,25.88,26823800,25.84792
23.63,24.99,22.80,24.47,20610500,24.43966
25.20,26.20,23.80,24.19,28419900,24.16001
24.00,26.76,23.51,25.29,36075100,25.25865
24.00,24.56,22.24,24.56,19569900,24.52955
23.46,24.50,23.46,23.90,14014000,23.87037
24.50,25.25,22.80,23.21,20406500,23.18123
24.12,26.28,24.11,24.71,26051500,24.67937
23.18,25.25,23.11,24.60,25298300,24.5695
21.70,23.57,21.08,23.57,26707600,23.54078
23.65,24.19,21.29,21.43,20057400,21.40343
24.55,25.21,23.11,23.65,21496800,23.62068
27.00,27.18,25.21,25.21,32066800,25.17875
26.53,29.41,26.50,28.01,46874400,27.97528
26.80,27.85,25.92,26.74,20642300,26.70685
26.66,28.06,26.51,27.20,25825200,27.16628
27.79,27.79,26.33,26.84,34588700,26.80673
25.05,27.21,24.81,27.21,28800900,27.17627
24.88,25.05,24.07,24.74,18703100,24.70933
23.56,25.49,23.55,24.90,22873400,24.86913
22.20,23.97,22.05,23.29,12545700,23.26113
23.42,23.42,23.42,23.42,000,23.39097
23.42,23.42,23.42,23.42,000,23.39097
23.42,23.42,23.42,23.42,000,23.39097
23.42,23.42,23.42,23.42,000,23.39097
23.42,23.42,23.42,23.42,000,23.39097
23.86,24.50,23.20,23.42,17678700,23.39097
23.18,24.89,23.00,24.02,26620800,23.99022
21.59,23.96,20.32,23.34,24637300,23.31107
21.21,22.20,21.21,21.85,16820200,21.82291
23.32,24.08,21.04,21.19,23683700,21.16373
22.60,24.47,21.71,23.38,27518100,23.35102
25.99,26.86,24.12,24.12,24747400,24.0901
26.20,27.20,25.05,26.80,27678100,26.76678
26.00,27.65,25.51,26.44,34632900,26.40722
27.05,27.75,26.02,26.41,21549000,26.37726
26.31,27.35,24.90,26.87,28488800,26.83669
28.30,29.20,26.40,26.40,36940100,26.36727
28.70,31.50,28.30,29.33,45404900,29.29364
27.90,29.68,26.30,29.32,39885600,29.28365
28.00,29.98,27.15,28.42,37129700,28.38477
27.79,30.60,27.32,29.03,46852900,28.99401
25.00,28.88,25.00,28.12,34771200,28.08514
27.39,29.30,26.26,27.65,46860900,27.61572
24.90,27.39,24.90,27.39,32036300,27.35605
23.98,26.50,23.38,24.90,30006500,24.86913
24.98,25.87,22.06,25.00,27322600,24.96901
26.00,26.32,24.11,24.11,7697900,24.08011
24.55,26.79,24.36,26.79,34379300,26.75679
23.40,25.18,22.61,24.35,28524300,24.31981
27.10,28.46,25.01,25.06,20500900,25.02893
27.48,27.48,27.48,27.48,000,27.44593
29.40,29.89,27.29,27.48,28857200,27.44593
30.40,31.30,29.55,29.80,33130700,29.76306
29.16,32.00,28.26,30.84,48476300,30.80177
26.30,29.16,26.00,29.16,40372700,29.12385
27.71,29.66,26.50,26.51,37202200,26.47714
26.80,28.75,26.31,27.71,37517400,27.67565
25.00,28.28,24.24,27.55,45338700,27.51585
25.90,25.90,25.90,25.90,000,25.86789
25.90,25.90,25.90,25.90,000,25.86789
25.90,25.90,25.90,25.90,000,25.86789
25.90,25.90,25.90,25.90,000,25.86789
23.70,26.38,23.70,25.90,39246400,25.86789
23.88,24.99,23.64,23.98,21133100,23.95027
22.34,24.59,22.00,23.95,24930900,23.92031
23.30,23.30,22.34,22.35,13615300,22.32229
23.52,24.45,23.40,23.59,16817300,23.56076
24.21,24.50,23.21,23.90,22673500,23.87037
25.70,25.70,24.45,24.68,34593600,24.64941
23.86,26.25,23.36,26.25,44548800,26.21746
24.53,24.80,23.00,23.86,39141500,23.83042
23.00,24.53,22.94,24.53,47936000,24.49959
20.22,22.30,20.22,22.30,14399500,22.27235
20.65,20.90,19.92,20.27,9912100,20.24487
21.53,21.92,19.40,20.90,15640700,20.87409
22.20,23.50,21.00,21.50,18260700,21.47335
23.85,24.05,22.60,22.64,18062500,22.61193
23.05,23.98,22.70,23.79,22746200,23.76051
22.50,23.13,21.91,23.10,15410400,23.07136
22.00,24.00,21.70,22.56,17109900,22.53203
22.55,22.55,21.80,22.25,13836300,22.22242
21.30,22.78,21.30,22.60,15334100,22.57198
22.28,22.48,21.02,21.24,12824400,21.21367
23.30,23.50,22.23,22.28,18781800,22.25238
21.60,23.70,21.30,23.30,17739100,23.27112
24.12,24.57,22.65,22.66,25432200,22.63191
25.30,26.85,24.01,24.99,39997200,24.95902
22.23,24.89,22.10,24.89,35707200,24.85914
22.30,23.62,22.10,22.63,27650100,22.60195
21.60,23.30,21.11,22.81,32596600,22.78172
21.82,22.80,21.68,22.23,23813700,22.20244
22.72,22.94,21.50,22.07,32072000,22.04264
21.99,22.79,21.35,22.61,31509300,22.58197
22.33,23.20,20.70,21.71,32579500,21.68309
22.88,23.58,22.88,22.88,27645200,22.85164
26.30,28.80,25.40,25.42,53607800,25.38849
24.81,27.20,24.01,26.40,43549900,26.36727
23.50,25.94,23.20,25.07,41348200,25.03892
23.50,25.99,22.50,23.99,43265700,23.96026
26.00,27.14,22.86,24.70,52290900,24.66938
24.59,25.40,24.01,25.40,20731000,25.36851
20.48,23.09,20.20,23.09,45245000,23.06138
20.10,21.51,19.68,20.99,54417800,20.96398
18.01,19.55,17.65,19.55,30590700,19.52576
15.71,17.77,15.51,17.77,32522300,17.74797
15.35,16.60,14.76,16.15,31605900,16.12998
14.95,15.80,14.55,15.34,26186600,15.32098
14.59,15.39,13.90,14.94,31018100,14.92148
13.1889,14.5556,12.8889,14.5556,30493500,8.07642
13.1667,14.1333,13.0556,13.2333,27712400,7.34272
13.0556,13.2778,12.6778,13.1556,16926200,7.29961
12.3111,13.20,12.2778,13.20,15871800,7.32424
12.00,12.00,12.00,12.00,000,6.6584
12.00,12.00,12.00,12.00,000,6.6584
12.00,12.00,12.00,12.00,000,6.6584
12.00,12.00,12.00,12.00,000,6.6584
21.60,21.60,21.60,21.60,000,11.98512
22.60008,22.78008,21.07998,21.60,17928200,11.98512
21.20004,22.66992,21.18996,22.66992,26359000,12.57879
18.72,20.61,18.52992,20.61,10311300,11.43581
19.62,20.14992,18.21996,18.73998,7084500,10.39819
19.80,20.25,19.45008,19.89,9061900,11.0363
18.88002,20.57994,18.66006,19.80,11822300,10.98636
18.84006,19.49994,18.34992,19.02006,7742400,10.5536
17.51999,19.09998,17.40001,18.95994,7874600,10.52024
16.99,17.95,16.88,17.87999,6899900,9.92102
16.90,18.00,16.70,16.70,6781000,9.26628
15.61,16.92,15.61,16.92,5492200,9.38835
16.11,16.65,15.35999,15.37999,5485400,8.53385
18.90,19.13994,17.06999,17.06999,5645100,9.47157
18.50004,19.20006,18.21996,18.97002,5547800,10.52584
18.66996,18.97002,18.39996,18.46008,5725700,10.24289
18.30996,19.29996,17.96,19.09998,9880800,10.59795
16.09999,17.96,16.05001,17.96,7336200,9.96541
16.05001,17.08,16.04,16.33,6893100,9.06097
15.61,15.61,15.61,15.61,000,8.66147
15.61,15.61,15.61,15.61,000,8.66147
15.39,17.46,15.22001,15.61,7642900,8.66147
17.78999,17.78999,16.51,16.51,6856300,9.16085
19.99998,19.99998,18.28008,18.34002,6436600,10.17627
18.77004,20.23992,18.50004,20.23992,8661700,11.23046
18.50004,18.97992,16.83,18.39996,8857400,10.20953
19.51002,20.39004,17.60999,17.85001,9899900,9.90438
19.58004,20.59992,19.42002,19.42002,4961600,10.77553
22.87998,23.14008,21.58002,21.58002,6014000,11.97404
24.78996,26.15004,23.77008,23.97996,8060000,13.30568
25.99992,27.79992,25.11,25.61994,10817600,14.21566
23.88006,26.67996,23.25006,26.35992,11632500,14.62625
28.09008,29.52,25.03998,25.09002,16484700,13.92162
26.65008,27.82008,25.70994,27.82008,9283600,15.43644
27.09,28.38006,26.73,26.92008,9614700,14.93706
25.39008,26.92008,25.21998,26.92008,7800800,14.93706
26.67996,26.96994,25.61994,25.61994,7435800,14.21566
26.56008,27.59004,26.56008,27.03006,9403600,14.99808
26.10,27.82998,25.41996,27.14004,14225400,15.05911
23.40,25.30008,23.22,25.30008,12954400,14.03818
21.58992,23.32008,21.49002,23.00004,7196000,12.76196
22.69998,23.47992,21.99996,22.64004,10499600,12.56221
20.50002,22.53006,20.39994,22.53006,10781600,12.50118
22.55994,22.57002,20.48004,20.48004,7702900,11.3637
22.60998,24.04008,22.12992,22.75002,7336700,12.62323
24.31998,25.18992,22.89996,23.00004,9191800,12.76196
24.28002,24.85998,21.49992,24.82992,11124600,13.7773
23.45994,25.75998,23.41008,23.50008,11256200,13.03942
27.79992,29.19006,26.01,26.01,10846200,14.43209
30.00006,30.45996,28.56996,28.90008,13272400,16.0357
28.65006,31.30002,28.40004,30.07008,13524500,16.68489
29.26008,29.80008,27.90,29.08998,15636800,16.14107
26.29008,29.70,25.59996,29.26998,17893600,16.24094
27.00,28.20006,25.66998,27.30006,15105700,15.1479
24.51006,26.74998,24.26004,26.74998,10474000,14.84268
22.08996,25.84008,22.03002,24.31998,11901500,13.49435
26.49996,26.49996,24.48,24.48,9911100,13.58314
25.86996,27.97002,25.43994,27.19998,20576500,15.09237
25.43004,25.43004,23.56002,25.43004,11053700,14.11029
21.76002,23.11992,21.70008,23.11992,3471200,12.82848
18.68004,21.02004,18.68004,21.02004,7913300,11.66332
18.59994,19.76994,18.59994,19.11006,22882900,10.60354
20.66994,20.77002,20.66994,20.66994,1810900,11.46906
27.79992,27.79992,22.96998,22.96998,9636200,12.74528
25.99992,28.18008,25.52004,25.52004,7992600,14.16022
28.49004,31.50,28.35,28.35,9402100,15.73047
34.00002,35.85996,31.50,31.50,10306600,17.47831
32.00004,36.50004,30.51,34.99992,11396200,19.4203
37.67994,37.99998,33.89994,33.89994,10465600,18.80995
37.89,39.40002,37.67004,37.67004,8267000,20.90186
46.00008,46.00008,41.52996,41.86008,18234700,23.22677
42.10002,43.59996,39.00006,41.81994,5738000,23.2045
39.92994,42.80004,37.69992,41.09994,5744000,22.80499
41.88006,41.88006,41.88006,41.88006,000,23.23786
42.10002,45.19998,41.88006,41.88006,9200200,23.23786
50.34996,53.20008,46.53,46.53,8334600,25.81795
51.01002,52.97994,47.62008,51.69996,9228200,28.68659
47.17998,53.76996,46.80,50.00994,11687100,27.74886
46.15002,50.00004,42.89994,48.88008,10329900,27.12194
43.30008,47.84994,41.76,47.19996,10531300,26.18969
42.98004,43.99992,41.68008,43.50006,8705700,24.13674
38.41002,42.64992,37.85004,42.64992,11160900,23.66503
39.29994,40.82004,37.60002,38.80008,6448200,21.49492
41.99994,41.99994,38.98008,39.60,5283400,21.93807
41.05998,43.23996,40.46994,42.44994,9150900,23.51691
43.16994,43.30008,38.14002,41.00004,7133700,22.71368
44.38008,44.94996,41.50008,42.37992,6563700,23.47812
42.73002,46.00008,42.55002,44.20998,9140000,24.49196
39.54006,43.75008,39.47994,43.05006,11590500,23.84937
38.68002,41.97996,37.00008,39.79008,9743500,22.04337
43.99992,43.99992,39.76992,39.78,13079900,22.03779
46.47996,47.89998,44.17002,44.19,12459500,24.48089
42.80994,46.06992,41.09004,46.06992,14384800,25.52235
37.80,41.88006,36.37008,41.88006,13346500,23.2012
37.31994,39.74994,36.03006,38.07,13365600,21.09046
33.55002,37.24992,32.90994,37.24992,14228200,20.63615
33.84,35.98002,33.30,33.85998,9569900,18.75815
33.98004,34.70004,32.41998,33.82002,10115600,18.73601
33.49998,35.28,32.86008,34.45992,10679900,19.09051
33.78006,34.70004,32.00994,33.39,11531800,18.49778
31.03002,34.30008,30.99996,34.02,15194600,18.8468
30.90006,32.79006,29.80008,31.55004,14124200,17.47846
30.60,32.18994,29.59992,31.41,15077700,17.40088
29.88,30.79998,29.10006,30.49992,12800000,16.8967
26.89002,28.99008,26.65008,28.99008,10094300,16.06026
27.97002,28.42992,25.79994,26.35002,7149400,14.59769
28.08,29.50002,27.75006,27.97002,9620600,15.49516
28.99998,29.44998,28.00008,28.15002,6176500,15.59488
29.07,29.50002,28.36008,29.05002,6036500,16.09347
29.70,29.70,29.70,29.70,000,16.45355
30.09996,31.80996,29.59992,29.70,13230300,16.45355
27.79992,30.90006,27.79992,30.29994,12622400,16.78591
28.99998,28.99998,27.75006,28.13994,8788500,15.58929
29.55996,29.93994,28.51992,29.30004,10124100,16.23198
30.00006,30.34998,28.90008,29.55996,9982300,16.37597
28.80,31.44996,28.69992,30.83004,15019500,17.07958
28.18008,29.50002,28.00998,29.08998,12783300,16.11561
26.89002,28.69992,26.89002,28.18008,11720700,15.61153
28.98,28.98,26.10,26.40996,11944300,14.6309
28.42992,29.44998,28.24992,28.72998,7424300,15.91617
28.26,29.50002,27.88002,28.45998,8236800,15.76659
31.33998,31.35006,28.29996,28.38996,10650800,15.7278
32.00994,32.86998,31.01004,31.37994,8690000,17.38422
32.11992,33.85008,31.19994,33.10002,13971800,18.33714
30.99996,34.00002,30.56994,32.77008,14371600,18.15435
32.99994,33.17994,30.79998,32.74992,13734200,18.14318
35.20008,35.29998,32.77998,33.30,19111700,18.44792
37.53,37.80,34.79994,35.89002,20406000,19.88277
36.84996,36.84996,36.84996,36.84996,000,20.41457
32.47992,36.84996,32.20002,36.84996,25906600,20.41457
34.20,34.95996,31.30002,33.49998,28103600,18.55871
28.90008,31.93992,28.06002,31.93992,13753300,17.69445
25.88004,29.03994,24.49998,29.03994,25226100,16.08788
26.40006,26.40006,26.40006,26.40006,789600,14.62541
23.99994,23.99994,23.99994,23.99994,231800,13.29577
21.81996,21.81996,21.81996,21.81996,000,12.08808
21.81996,21.81996,21.81996,21.81996,000,12.08808
21.81996,21.81996,21.81996,21.81996,000,12.08808
21.81996,21.81996,21.81996,21.81996,000,12.08808
21.81996,21.81996,21.81996,21.81996,000,12.08808
21.81996,21.81996,21.81996,21.81996,000,12.08808
21.81996,21.81996,21.81996,21.81996,000,12.08808
21.81996,21.81996,21.81996,21.81996,000,12.08808
21.81996,21.81996,21.81996,21.81996,000,12.08808
21.81996,21.81996,21.81996,21.81996,000,12.08808
21.27996,21.99996,20.52,21.81996,10496700,12.08808
21.22992,22.46994,20.80008,21.29004,14517900,11.7945
19.51992,21.58992,19.40994,21.20004,20171900,11.74464
18.50004,19.92006,18.36,19.63008,12769200,10.8749
18.90,19.06002,18.23004,18.79992,7440400,10.415
19.20006,19.40004,18.79002,18.82998,8287800,10.43165
18.50004,20.37996,18.50004,19.49994,14740800,10.8028
19.09008,19.36998,18.50004,18.64998,9014700,10.33193
19.20996,19.20996,18.72,19.13994,8715100,10.60337
18.84996,19.29006,18.72,19.20996,5962300,10.64216
19.29996,19.38996,18.50004,18.84996,6920400,10.44272
19.76004,20.08998,19.09998,19.36008,7009000,10.72532
19.99998,19.99998,19.99998,19.99998,000,11.07982
19.99998,19.99998,19.99998,19.99998,000,11.07982
19.99998,19.99998,19.99998,19.99998,000,11.07982
19.99998,19.99998,19.99998,19.99998,000,11.07982
19.99998,19.99998,19.99998,19.99998,000,11.07982
19.42992,20.88,18.70002,19.99998,14200900,11.07982
18.55008,19.67994,18.39996,19.38006,10822000,10.73639
18.34992,18.91008,18.19998,18.70002,10537600,10.35965
18.30006,18.99,18.14004,18.23994,6181500,10.10477
18.41004,19.00008,18.10998,18.23004,6980100,10.09929
17.80,18.39996,17.65001,18.39996,5192100,10.19342
18.39996,18.77994,17.40001,18.16992,8056500,10.06598
19.00998,19.20006,18.30006,18.48996,11298600,10.24328
17.22001,19.04004,16.96,19.04004,20199100,10.54802
17.06,17.47001,16.90,17.31,3207000,9.5896
16.57001,17.23,16.57001,17.06,2527700,9.4511
16.48001,16.86,16.22,16.58,2936800,9.18518
17.35,17.50,16.75001,16.79,3056900,9.30152
17.66,17.87,17.15,17.33999,3249500,9.60621
17.19,18.50004,17.17999,18.03006,6953700,9.9885
17.31,17.39,16.81999,17.19,2424400,9.52312
16.88999,17.35,16.88,17.30,2584700,9.58405
17.78,17.83001,17.05,17.06999,4033600,9.45663
17.71999,18.10008,17.55,17.78,3762100,9.84997
17.33,18.10008,17.33,17.75,6086500,9.83335
16.54,17.69999,16.54,17.29001,5712000,9.57852
16.00,17.22001,15.93,16.45999,4783100,9.1187
16.30001,16.79999,16.30001,16.65,3271800,9.22396
16.63,16.84001,16.32001,16.34,2276400,9.05223
16.66001,16.85,16.20,16.54999,3352200,9.16856
16.22,16.97999,16.00999,16.95001,5576500,9.39016
16.48001,16.57001,15.60001,16.21001,3079900,8.98021
16.79,17.40001,16.40,16.67,6238300,9.23504
17.22001,18.03996,16.72999,16.92,7437300,9.37354
16.16,16.92,16.02,16.40,7262000,9.08546
14.51,16.32001,14.45,16.32001,8365500,9.04115
14.74999,14.92999,14.09999,14.83999,4262500,8.22123
15.17999,15.17999,15.17999,15.17999,000,8.40959
15.17999,15.17999,15.17999,15.17999,000,8.40959
14.97001,15.32,14.81999,15.17999,2885200,8.40959
15.69001,15.98999,14.78,14.96,4036600,8.28771
16.00,16.00,15.37,15.70,4181900,8.69767
15.88,16.85,15.84,16.38,5191400,9.07438
15.82,16.52,15.78001,16.06,4042400,8.8971
15.40001,16.21001,15.39,15.78001,6714000,8.74199
15.70,16.50001,14.68001,14.88999,6005800,8.24893
17.98999,17.98999,16.31,16.31,6700000,9.0356
18.41994,18.41994,17.29001,18.12006,5830400,10.03836
18.19998,18.84996,17.85001,18.41994,3326500,10.20449
18.01998,18.50004,18.01998,18.27,3737000,10.12143
19.18998,19.18998,18.00,18.61002,5608000,10.3098
18.61002,19.58004,18.52992,19.24002,5500200,10.65881
18.12996,19.29996,18.12996,18.79992,4900400,10.415
18.00,18.46008,17.71,18.12996,3894900,10.04385
17.17999,18.39006,16.50001,18.19998,7193900,10.08264
19.18998,19.94994,17.40001,17.40001,8556100,9.63946
20.01996,20.17998,19.18008,19.33002,6505400,10.70867
21.00006,21.00006,20.10006,20.17998,5375400,11.17954
20.82006,21.45996,20.52,21.20994,6341200,11.75013
21.13992,21.38004,20.08008,21.13992,7181500,11.71134
21.13002,21.58992,21.00006,21.13992,4530300,11.71134
21.70008,21.70008,20.46006,21.49002,6677700,11.90529
22.62996,22.87008,21.56004,21.99006,8801600,12.18231
21.00996,22.77,20.88,22.59,12102200,12.51467
21.00006,21.63996,20.80008,21.07008,6728200,11.67265
21.45006,22.37994,21.04992,21.25008,8161800,11.77237
21.40992,21.70008,20.68002,21.58002,7784300,11.95515
22.21992,22.41,21.06,21.20994,9812000,11.75013
21.34008,22.26006,21.11004,21.94992,9745400,12.16007
19.99998,21.88008,19.58004,21.88008,13574900,12.12138
18.82998,20.59002,18.72,19.89,10269800,11.01889
18.16992,18.84006,18.10008,18.72,2726100,10.37072
18.14994,18.30006,17.64,18.07992,2549300,10.01612
19.15992,19.20006,18.01008,18.14994,3976500,10.05491
18.88002,19.27998,18.59994,19.17,3353300,10.62002
19.44,19.69992,18.21996,18.95994,7809400,10.50365
20.25,20.43,19.00008,19.63998,6947100,10.88039
20.19996,20.68002,19.69992,20.26008,9417600,11.22392
19.80,20.66004,19.51992,20.57994,9629200,11.40111
19.74996,20.10996,19.27998,20.03004,13244400,11.09647
17.94001,19.72998,17.94001,19.72998,8434300,10.93024
18.00,18.18,17.74001,17.94001,3142500,9.93861
18.57996,18.64008,17.80,18.00,5773900,9.97185
17.89999,18.64008,17.80,18.57996,9849000,10.29314
17.65001,17.98999,17.62999,17.82,5364500,9.87213
17.33999,17.71,17.23,17.71,4989400,9.81119
16.60,17.29001,16.40,17.23,2703300,9.54527
16.65,16.95001,16.50001,16.60,2466500,9.19626
17.10,17.23,16.56,16.65,4482500,9.22396
17.41,17.58001,17.11001,17.20001,4647200,9.52866
17.60,17.75,17.41,17.48,3517800,9.68377
17.39,17.65001,17.17,17.64,3728000,9.77241
17.24,17.58001,17.10,17.40001,3555600,9.63946
17.39,17.92001,17.30,17.44999,5011800,9.66715
18.19998,18.43992,17.17,17.74001,11419200,9.82782
18.48006,18.68004,18.19998,18.39996,7088500,10.19342
18.19998,18.93996,18.16992,18.68004,15272100,10.34859
18.36,18.39006,17.91,18.16992,7720300,10.06598
17.71999,18.30996,17.51999,18.21006,13752200,10.08822
17.64,17.85001,17.53,17.60999,5784100,9.75579
17.58001,17.58001,17.58001,17.58001,000,9.73918
17.58001,17.58001,17.58001,17.58001,000,9.73918
17.58001,17.58001,17.58001,17.58001,000,9.73918
17.58001,17.58001,17.58001,17.58001,000,9.73918
17.58001,17.58001,17.58001,17.58001,000,9.73918
17.44999,17.89999,17.40001,17.58001,6879300,9.73918
17.92001,18.14004,17.35,17.44999,10074200,9.66715
17.76,18.23004,17.60999,17.78999,7293100,9.85551
18.12006,18.48996,17.85001,17.92001,8219100,9.92753
17.35,18.59994,17.06,18.14994,13167700,10.05491
17.38001,17.78,16.90,17.35,7654100,9.61176
17.69,17.69,16.99999,17.11001,4929100,9.4788
17.20001,18.18,16.99999,17.76,8287700,9.83889
16.99999,17.33,16.57001,17.30,5219900,9.58405
17.03,17.64,16.61,16.96,7961800,9.3957
18.32004,18.45,17.24999,17.26,12244800,9.5619
18.12996,19.49994,18.12006,18.50004,21530500,10.24887
17.80,18.28008,17.78999,18.05994,9638500,10.00506
18.66996,18.68004,17.80999,17.96999,15595600,9.95523
18.30006,19.09008,18.09,18.70002,26745100,10.35965
16.20,17.75,16.15,17.75,17878400,9.83335
16.14001,16.14001,16.14001,16.14001,000,8.94143
16.05001,16.45,15.80,16.14001,9131900,8.94143
15.86,16.50001,15.82,16.09,14387900,8.91373
15.89999,16.07999,15.49001,15.77,10158200,8.73645
15.30,16.56,15.21,15.86,15015600,8.78631
14.60,15.15001,14.45,15.05,6010800,8.33757
14.45,14.56999,14.25001,14.56,3422900,8.06612
14.38,14.58,14.20,14.38,3993500,7.9664
14.51,14.72,14.25001,14.27999,5506500,7.911
15.42001,15.46999,14.31,14.51,9782800,8.03842
15.98,15.98,15.46,15.52,8147600,8.59795
15.53999,16.65,15.40001,16.07,14418700,8.90265
15.55,15.97,15.31001,15.50,8920300,8.58687
15.71999,15.84,15.19999,15.60001,8449400,8.64227
15.78001,16.70,15.60001,15.95,13426800,8.83617
15.44,15.87001,15.41,15.78001,5902100,8.74199
15.33001,15.62,15.25,15.44,5391800,8.55363
15.89999,16.00,15.21,15.30,9391600,8.47607
16.15,16.33,15.64,16.05001,11552900,8.89157
15.40001,16.79,15.28,16.39001,20555900,9.07993
14.99,15.48,14.95001,15.35,8484900,8.50377
14.88001,15.25,14.88001,15.08,7101900,8.3542
15.15001,15.35,14.90999,14.94,8494500,8.27664
14.92,15.33001,14.79001,15.08999,12985200,8.35973
14.40,15.26,14.29999,15.10,17365700,8.36528
14.20,14.42,14.18999,14.36999,5694900,7.96086
14.59001,14.65999,14.25001,14.36999,8038900,7.96086
14.90,15.10999,14.54999,14.67,9666300,8.12706
14.47999,14.99,14.23001,14.98,13384000,8.29879
14.33,14.88001,14.23001,14.56,11352100,8.06612
14.29999,14.69,14.04,14.47,9649800,8.01626
14.08,14.36999,13.91999,14.29,7164600,7.91654
13.91,14.36999,13.63,14.17,8890000,7.85006
14.53,14.68001,13.93,14.02,9776300,7.76696
14.70001,15.17,14.60,14.77001,10840400,8.18246
14.34001,14.67,14.11,14.60,7122300,8.08828
14.53,14.65,14.14001,14.26,7228100,7.89992
14.90999,15.06,14.31,14.58,9293600,8.0772
15.04001,15.08999,14.61,14.88999,9058400,8.24893
16.11,16.30001,14.85,15.15001,16886700,8.39298
15.80999,16.43999,15.64999,16.32001,13990200,9.04115
16.20,16.36999,15.59,15.77,13119900,8.73645
15.89999,16.38,15.60001,15.82999,14675700,8.76968
16.33,16.52,16.00,16.09999,14304600,8.91926
17.11001,17.12,15.80,16.63999,22931100,9.21842
17.64,18.28998,17.23,17.35,30007500,9.61176
16.67,18.01008,16.54,17.91,31521400,9.92199
16.59001,16.88,16.25,16.70,17279200,9.25166
17.01,17.20001,16.16999,16.72999,25861400,9.26828
17.08999,18.07992,16.83,17.20001,27075000,9.52866
17.58001,18.59994,16.63,17.60999,39846500,9.75579
15.68,17.13001,15.59,17.13001,41188200,9.48988
14.50001,15.57,14.25001,15.57,36236700,8.62565
14.90,14.90,13.78001,14.15,34959300,7.83898
14.18,15.13001,13.90,15.13001,39321200,8.3819
13.60001,14.63,13.46,13.75,41021900,7.61739
13.45,13.69001,13.15001,13.50,22573500,7.47889
14.05001,14.16001,13.01,13.39,34929500,7.41795
13.90,14.68001,13.71001,14.45999,44465300,8.01072
13.66,14.36,13.52,13.88,52054900,7.6894
11.89001,13.05,11.70,13.05,28566400,7.22959
11.45,12.38999,11.35001,11.86,31056200,6.57034
10.51,11.26001,10.45001,11.26001,17423700,6.23795
10.10,10.60999,10.04999,10.24,8824300,5.67288
9.77999,10.13,9.73001,10.02001,5138200,5.551
9.68,9.92,9.65,9.77999,5646100,5.41804
9.65,9.85,9.61999,9.68,4568300,5.36264
9.34999,9.59999,9.34,9.59999,2605000,5.31832
9.48001,9.54,9.29,9.34,2454200,5.17428
9.47,9.61,9.46001,9.49,2521000,5.25738
9.48001,9.48001,9.48001,9.48001,000,5.25184
9.39001,9.54,9.30001,9.48001,3200300,5.25184
9.52999,9.68,9.34999,9.39001,5651600,5.20198
9.31,9.61,9.31,9.59,5659900,5.31278
9.61999,9.70999,9.52999,9.61,2646600,5.32386
9.37001,9.73001,9.37001,9.63,4910400,5.33494
9.21001,9.37001,9.18,9.36,1647600,5.18536
9.25,9.36,9.21001,9.23,1679000,5.11335
9.19001,9.25999,9.09,9.25999,1164300,5.12996
9.14,9.28001,9.11,9.19001,1442800,5.09119
9.05999,9.14,8.98999,9.07999,1473700,5.03024
9.07,9.13,8.96,9.07999,1839400,5.03024
9.29,9.43999,9.07999,9.11,2618000,5.04686
9.21001,9.40,9.21001,9.29,2901000,5.1027
9.23999,9.34,9.16999,9.25,1890700,5.08074
9.14999,9.28001,9.05,9.25,3391600,5.08074
9.30001,9.34999,8.98,9.10001,5937200,4.99835
9.65,9.67,9.38,9.39001,4812500,5.15764
9.70,9.81,9.52999,9.68,2097900,5.31692
9.74,9.97,9.68,9.82001,2685200,5.39382
9.52999,9.68999,9.45,9.66001,1517600,5.30594
9.52999,9.52999,9.52999,9.52999,000,5.23453
9.52999,9.52999,9.52999,9.52999,000,5.23453
9.59,9.67,9.47,9.52999,1724600,5.23453
9.30001,9.63,9.22,9.55001,1882800,5.24552
9.61,9.61,8.95,9.58,3803300,5.26199
10.00001,10.02001,9.58,9.70,3057000,5.32791
9.72,10.04999,9.50999,10.00001,4393900,5.49269
9.86999,9.90,9.70999,9.75001,3208400,5.35537
9.72,10.20001,9.72,10.00001,7327700,5.49269
10.69999,10.69999,10.69999,10.69999,000,5.87717
10.69999,10.69999,10.69999,10.69999,000,5.87717
10.69999,10.69999,10.69999,10.69999,000,5.87717
10.69999,10.69999,10.69999,10.69999,000,5.87717
10.69999,10.69999,10.69999,10.69999,000,5.87717
10.69999,10.69999,10.69999,10.69999,000,5.87717
10.69999,10.69999,10.69999,10.69999,000,5.87717
10.69999,10.69999,10.69999,10.69999,000,5.87717
10.69999,10.69999,10.69999,10.69999,000,5.87717
10.69999,10.69999,10.69999,10.69999,000,5.87717
10.69999,10.69999,10.69999,10.69999,000,5.87717
9.76,10.69999,9.72,10.69999,11555800,5.87717
9.70999,9.81,9.64001,9.73001,3315000,5.34439
9.73001,9.88999,9.61,9.70999,2253300,5.33339
9.65,9.82001,9.56,9.79999,2107100,5.38283
9.95,10.00001,9.48001,9.59999,4873800,5.27298
10.58999,10.65001,9.75001,10.08,4607100,5.53663
10.76999,10.78,10.51,10.67,3310400,5.8607
10.82,10.87,10.65001,10.76,2537300,5.91013
10.62,10.83001,10.51999,10.76999,3072100,5.91562
10.39,10.72001,10.31,10.63001,3771400,5.83873
10.22,10.51,9.94,10.48,4626100,5.75633
10.71,10.87999,10.24999,10.26,4873600,5.6355
10.62,10.80,10.48,10.75,3790100,5.90464
10.54001,10.84,10.51999,10.58999,3990200,5.81675
10.24999,10.60,10.17,10.58999,4196200,5.81675
10.04999,10.22,10.04,10.15999,2624300,5.58057
10.08,10.13999,9.95,10.10,2503600,5.54761
9.91001,10.15,9.82001,10.03,2605900,5.50916
9.94,10.06999,9.82001,9.95,2788300,5.46523
10.44,10.44,9.92,9.94,4185000,5.45973
10.73,10.87999,10.36001,10.47001,5739300,5.75085
10.51,10.96,10.42,10.78999,5188600,5.9266
10.57,11.09,10.48,10.67999,7801900,5.86619
10.49999,10.69999,10.31,10.51999,5015400,5.7783
10.42,10.99001,10.33,10.75,7347400,5.90464
10.18001,10.45001,9.99,10.40999,4309600,5.71788
10.69999,10.87999,10.08,10.11001,5179000,5.55311
10.40999,10.58999,10.13999,10.47001,4431800,5.75085
11.83,12.13,10.63001,10.67999,10123500,5.86619
11.57,11.86999,11.32,11.81,4813100,6.48686
11.59999,11.83,11.34,11.70,5099400,6.42644
11.73001,12.13,11.52,11.59999,8631600,6.37151
12.00001,12.04999,11.61,11.84,8759700,6.50334
12.49999,12.56,12.00001,12.13999,12431600,6.66812
12.54001,12.67999,12.10,12.61001,12515600,6.92628
11.47,12.71,11.47,12.55,19475600,6.89332
11.00,12.27001,10.94999,11.55001,17151000,6.34406
10.66,11.14999,10.40999,11.14999,10135800,6.12434
10.72001,10.80,10.38001,10.66,8308600,5.8552
10.31999,10.96999,10.22999,10.72001,9451400,5.88816
10.01,10.31999,9.90,10.30,3825200,5.65747
10.06,10.06,10.06,10.06,000,5.52564
10.06,10.06,10.06,10.06,000,5.52564
10.06,10.06,10.06,10.06,000,5.52564
10.06,10.06,10.06,10.06,000,5.52564
10.22999,10.22999,9.97,10.06,3167400,5.52564
9.97999,10.35,9.97999,10.27001,4819700,5.64099
10.10,10.39,9.97,9.99,6758600,5.48719
10.17,10.38001,10.01,10.15999,6192800,5.58057
10.30,10.48,10.18001,10.18001,9016800,5.59156
9.75001,10.67999,9.64001,10.47001,16375200,5.75085
9.59999,9.81,9.52999,9.70999,7404800,5.33339
9.28001,9.73001,9.22,9.64001,6791600,5.29495
9.41999,9.54,9.10001,9.28001,4113200,5.09722
9.23,9.47,9.16999,9.41,4613600,5.16862
9.38,9.40,9.22,9.25999,3367900,5.08622
9.29,9.39001,9.16,9.39001,4271700,5.15764
8.96,9.28001,8.80999,9.27,4024000,5.09172
8.89,9.12001,8.83001,8.95,3289200,4.91595
9.10001,9.16,8.80,8.89999,4150800,4.88849
9.23999,9.59,9.21001,9.23,7380600,5.06975
9.13,9.37001,9.11,9.31,4865400,5.11369
8.94001,9.16,8.76001,9.11,2932400,5.00384
9.45,9.59,8.95,8.98,5203700,4.93243
9.43999,9.57001,9.32999,9.48001,5653500,5.20707
9.18,9.50999,9.10001,9.43999,5099900,5.18509
9.18,9.18,9.18,9.18,000,5.04229
9.32999,9.50,9.13,9.18,4402300,5.04229
9.30001,9.36,9.21001,9.34,3487400,5.13017
8.95,9.25,8.87,9.22,3715700,5.06426
9.22,9.34999,8.92001,8.92001,3524200,4.89948
9.01001,9.29,8.89999,9.29,4566500,5.1027
8.96999,9.12001,8.85001,9.02,2701600,4.9544
8.83001,9.03001,8.51,8.94001,2716500,4.91047
8.80999,8.91,8.71999,8.77,2062900,4.81708
8.87,9.04,8.80,8.84,2694300,4.85553
9.25999,9.27,8.80,8.89999,4271900,4.88849
9.11,9.25999,9.07999,9.19001,3158200,5.04778
9.36,9.36,9.03001,9.13,4692900,5.01482
9.38,9.41999,9.18,9.37001,6105100,5.14665
9.46001,9.48001,9.30001,9.41999,5644500,5.17411
9.56,9.66001,9.30001,9.41999,9136700,5.17411
9.16999,9.76,9.14999,9.74,15935300,5.34988
8.87999,9.25,8.87,9.14999,8231500,5.02581
8.74001,8.95,8.74001,8.87,5369000,4.87202
8.78999,9.03001,8.65001,8.82,8292600,4.84455
8.65001,9.20,8.64,8.83001,12735100,4.85005
8.69999,8.92001,8.35,8.74001,15027100,4.80061
9.58,9.66001,9.28001,9.28001,8753900,5.09722
10.31999,10.46,10.03,10.31,16405600,5.66296
10.13999,10.46,9.95,10.31999,16961600,5.66845
9.97999,10.15,9.82001,10.06,10578900,5.52564
9.82001,10.13,9.70,10.06999,13790500,5.53113
10.00001,10.02001,9.56,9.79999,13993500,5.38283
9.95,10.96999,9.88999,10.06,20788900,5.52564
10.49999,10.74001,10.11001,10.11001,31416100,5.55311
10.00001,11.23,9.75001,10.96999,43239900,6.02547
10.24999,10.24999,9.90,10.24999,50302700,5.63
9.32,9.32,9.32,9.32,4191200,5.11919
7.68001,8.47001,7.67,8.47001,8546900,4.65231
7.43999,7.75001,7.39001,7.70,3304000,4.22937
7.50001,7.66001,7.43,7.45,2878000,4.09205
7.39001,7.59001,7.38,7.52999,1960400,4.13599
7.27999,7.45999,7.22,7.42,1182000,4.07557
7.45,7.45,7.22,7.25,1704600,3.9822
7.36999,7.52,7.36,7.48001,2001000,4.10853
7.42,7.49,7.36999,7.38,1348600,4.0536
7.33,7.43999,7.27999,7.43999,1562900,4.08656
7.30001,7.36999,7.29,7.36,1261600,4.04262
7.32001,7.36999,7.25,7.29,1255900,4.00417
7.41001,7.41001,7.25,7.30001,1702100,4.00967
7.30001,7.42,7.25,7.40,1928900,4.06459
7.70999,7.76,7.09999,7.30001,4019300,4.00967
7.81999,7.87,7.59001,7.72999,1990200,4.24584
8.10,8.15,7.79,7.79999,3616800,4.28429
8.14,8.22001,8.04001,8.12,1993100,4.46006
8.50,8.50,8.12,8.13001,4025300,4.46556
8.40001,8.51,8.28,8.30,5646700,4.55893
8.15999,8.44,8.15,8.39,6769400,4.60836
8.11001,8.17999,8.08999,8.14,1884000,4.47104
8.23,8.26999,8.06999,8.12,3536000,4.46006
8.30,8.33999,8.01,8.05,3457100,4.42161
8.30,8.35,8.17999,8.30,3741400,4.55893
8.24,8.42,8.20001,8.29001,3780900,4.55344
8.13001,8.23,8.08999,8.21,3430400,4.50949
8.23,8.23,8.08,8.11001,3276500,4.45457
8.17999,8.26999,8.15999,8.22001,3270100,4.51499
8.15999,8.24999,8.08,8.24,2951400,4.52598
8.17,8.17,8.17,8.17,000,4.48753
8.17,8.17,8.17,8.17,000,4.48753
8.17,8.17,8.17,8.17,000,4.48753
8.17,8.17,8.17,8.17,000,4.48753
8.17,8.17,8.17,8.17,000,4.48753
8.06,8.17999,7.99,8.17,2256500,4.48753
8.06999,8.08,7.95001,8.02001,1658800,4.40514
8.19,8.22001,7.95001,7.99999,3353600,4.39414
8.08999,8.21,8.08,8.17999,3227200,4.49301
8.22001,8.23,8.05,8.08,3125900,4.43809
8.06,8.26,8.06,8.19,3227100,4.49851
8.06,8.06,8.06,8.06,000,4.42711
7.90999,8.10,7.90,8.06,2100600,4.42711
8.14,8.21,7.90,7.90999,3237100,4.34471
8.29001,8.29001,8.10,8.15999,5131900,4.48203
8.21,8.41,8.17999,8.33999,4420400,4.5809
8.20001,8.41,8.17999,8.24,4442900,4.52598
8.53,8.59,8.15999,8.24999,6674400,4.53146
8.53,8.65001,8.37,8.53,7099600,4.68526
8.73,8.78,8.44,8.53999,9156200,4.69075
8.06,8.87,7.94,8.75,18770100,4.8061
7.79,8.26999,7.75001,8.13001,11520700,4.46556
7.77001,7.85,7.70999,7.75001,2843600,4.25684
7.63,7.79,7.59001,7.78,2910100,4.27331
7.50001,7.63999,7.50001,7.61999,1994500,4.18542
7.85,7.94,7.51,7.52999,5656900,4.13599
7.88999,7.97,7.84001,7.87,3542400,4.32274
8.10,8.10,7.88,7.90,5411800,4.33922
8.08,8.15999,7.95001,8.13001,6077600,4.46556
7.95001,8.17,7.90,8.11001,5949000,4.45457
8.11001,8.15,7.75001,7.93001,6654800,4.35571
8.05,8.17999,7.95001,8.14,6220600,4.47104
7.90999,8.12,7.88,8.04001,4958300,4.41612
7.99999,8.10,7.88999,7.92,5552800,4.35021
7.81,8.05,7.76,7.97999,4077800,4.38316
7.88,8.22001,7.81,7.81999,8000300,4.29528
8.06999,8.15999,7.90,7.90999,4577100,4.34471
8.01,8.15999,7.97,8.12,6368700,4.46006
7.85,8.14,7.77001,8.06,7410200,4.42711
7.74,7.88,7.72999,7.83,4086000,4.30077
7.90,7.97999,7.61,7.75001,5736600,4.25684
7.79999,7.97,7.79,7.90,3782200,4.33922
8.10,8.11001,7.79999,7.84001,6545600,4.30627
8.08,8.23,8.03,8.11001,7835000,4.45457
7.95001,8.26999,7.92,8.15,11196000,4.47654
7.99,8.17999,7.72,8.03,18329200,4.41063
7.50001,8.26999,7.50001,7.97999,18113800,4.38316
7.57001,7.68001,7.49,7.52,2449000,4.1305
7.69,7.69,7.32001,7.52999,2603700,4.13599
7.59001,7.85,7.54,7.63999,3198200,4.19641
7.51,7.77001,7.32001,7.69,4208500,4.22387
7.87,7.97999,7.45999,7.52,6507800,4.1305
7.90,8.12,7.78,7.90999,10032800,4.34471
7.45,8.10,7.38,7.97,17050400,4.37767
7.09999,7.38,7.02,7.36999,3900000,4.04811
7.34,7.43,7.13,7.13,4881000,3.91628
7.21001,7.48001,7.12001,7.40,7821000,4.06459
7.38,7.38,7.16,7.27999,6273400,3.99867
7.21001,7.48001,7.16999,7.39001,6790100,4.0591
7.15,7.25999,7.09999,7.21001,4809200,3.96023
7.15,7.27999,7.11,7.16999,5077900,3.93825
7.05001,7.18999,6.96001,7.14001,4211200,3.92178
6.82999,7.00999,6.78001,7.00,2518400,3.84488
6.70,6.89,6.70,6.84,1925900,3.757
6.88,6.88,6.62,6.76001,4292000,3.71306
7.09999,7.15,6.98,6.98999,3560300,3.83938
7.18,7.25,7.04,7.15,5594100,3.92727
7.06,7.27,7.02,7.21001,8601800,3.96023
6.77,7.18,6.73999,7.14001,11940600,3.92178
6.62999,6.82,6.48,6.78001,9280300,3.72404
6.85001,6.95,6.60001,6.62,5319400,3.63616
7.30001,7.41001,6.96001,6.98,4891200,3.8339
7.25999,7.49,7.13,7.43999,4709300,4.08656
6.95,7.56,6.52,7.36999,3834400,4.04811
7.54999,7.72999,7.02,7.02,5295600,3.85587
7.93001,8.20001,7.60,7.60,5020700,4.17444
8.11001,8.44999,8.03,8.03,1626300,4.41063
8.21,8.26999,8.03,8.14,1010800,4.47104
8.37,8.38001,8.17999,8.26,1191800,4.53696
8.33999,8.53,8.17,8.38001,1830000,4.60288
8.12,8.35,8.12,8.33999,1137900,4.5809
8.32,8.32,7.90999,8.17,911200,4.48753
8.35,8.35,8.35,8.35,000,4.58639
8.35,8.35,8.35,8.35,000,4.58639
8.35,8.35,8.35,8.35,000,4.58639
8.48,8.51999,8.33999,8.35,1086900,4.58639
8.50,8.57,8.42999,8.42999,1174400,4.63033
8.35,8.55,8.35,8.51999,1117600,4.67977
8.73,8.74001,8.40001,8.44,2408400,4.63583
8.92001,8.93,8.71,8.73,2358200,4.79512
9.00,9.04,8.83001,8.87,3191400,4.87202
8.96,9.05,8.91,9.00,3002700,4.94342
8.95,9.05999,8.87999,8.96,2344900,4.92145
9.21001,9.23999,8.91,8.93,4304600,4.90497
9.19001,9.28001,9.10001,9.20,3773000,5.05327
9.09,9.25,9.09,9.19001,4378800,5.04778
9.12001,9.30001,9.05999,9.16,4324800,5.0313
9.40,9.45,9.05999,9.22,5510500,5.06426
9.32,9.48001,9.10001,9.47,6940500,5.20157
9.30001,9.41999,8.96999,9.38,6098100,5.15214
18.78998,18.97999,18.65999,18.85,6532000,4.88025
19.03,19.10002,18.60001,18.83999,5932500,4.87766
19.05001,19.15999,18.70999,19.08,4734500,4.9398
19.28001,19.35,18.56002,19.05001,6565600,4.93204
18.45,19.28999,18.33998,19.19002,8818800,4.96828
18.11999,18.47999,18.00,18.43999,5776300,4.7741
18.13,18.23,17.74001,18.10001,4266600,4.68608
17.98999,18.01001,17.70998,18.01001,3543300,4.66278
18.03999,18.06998,17.51,17.83001,1925900,4.61618
17.78,18.05,17.66002,17.95,3704000,4.64724
17.25001,17.77,17.21999,17.70998,1899200,4.5851
17.06,17.33,16.92,17.19,1165600,4.45048
17.07998,17.07998,17.07998,17.07998,000,4.422
17.07998,17.07998,17.07998,17.07998,000,4.422
17.07998,17.07998,17.07998,17.07998,000,4.422
17.41,17.51,17.03999,17.07998,1601200,4.422
17.60,18.06998,17.38001,17.39999,4628600,4.50485
16.99999,17.87,16.99999,17.70001,4268300,4.58252
17.57999,17.57999,16.93001,16.94002,2340200,4.38576
17.26999,17.64,17.20001,17.58999,2861600,4.55404
16.79,17.37,16.78,17.25001,3088200,4.46602
16.47,16.71998,16.35001,16.71001,1097500,4.32621
16.26001,16.56,16.11,16.56,1167800,4.28737
16.00999,16.29,15.99998,16.25,711200,4.20711
16.35998,16.38,15.99998,16.03001,1159200,4.15016
16.45999,16.80001,16.35998,16.38,754700,4.24077
16.71998,16.76999,16.47,16.47,702300,4.26407
16.97,16.97,16.52,16.67002,767700,4.31586
16.66001,16.80001,16.62998,16.72999,896000,4.33138
16.02,16.66001,16.02,16.63999,926600,4.30808
16.35998,16.35998,16.35998,16.35998,000,4.23559
16.35998,16.35998,16.35998,16.35998,000,4.23559
16.56,16.75001,16.26001,16.35998,1278400,4.23559
17.21999,17.21999,16.49999,16.53998,1628700,4.28219
16.68999,17.24,16.67002,17.03001,1306100,4.40906
17.30002,17.48001,16.80001,16.89001,1964800,4.37281
17.50,17.64,17.10,17.20001,3119000,4.45307
17.97998,17.98999,17.48001,17.73,6620200,4.59029
17.61001,18.15001,17.51,18.05,7229200,4.67313
17.39999,17.62999,17.34001,17.55,2167100,4.54368
16.97,17.39999,16.83,17.35999,2359500,4.49449
16.75001,17.11001,16.71998,16.97,2154000,4.39352
16.67999,16.76999,16.40999,16.76999,1653100,4.34174
16.39001,16.51,16.22999,16.29,772100,4.21747
16.25,16.48001,16.21001,16.31002,945800,4.22265
16.43,16.70,16.21001,16.40002,1438100,4.24595
16.26998,16.48001,16.21001,16.35001,1194200,4.23301
16.40002,16.47,15.99998,16.31999,1813700,4.22523
17.21002,17.37,16.31999,16.45999,2925300,4.26148
17.28,17.46,17.20001,17.25998,1093700,4.4686
17.39999,17.41,17.17999,17.24,1392100,4.46343
17.60,17.70001,17.20001,17.30002,2176200,4.47896
17.47001,17.69,17.30999,17.61001,2574400,4.55922
17.16998,17.39999,17.06,17.35999,2354000,4.49449
17.82,18.10001,16.92,17.06,5561900,4.41682
18.15998,18.34999,17.78,17.93001,9035500,4.64207
17.96,18.33001,17.70998,18.14,9373800,4.69643
18.47999,19.30,17.50,17.95,9095300,4.64724
18.06001,18.90,18.03999,18.43999,8708600,4.7741
18.16999,18.16999,17.88998,18.05,1199300,4.67313
17.95,18.09,17.70998,17.89999,1176800,4.6343
18.19001,18.19001,17.69,17.88998,2104300,4.6317
17.95,18.22,17.95,18.20002,1414700,4.71197
18.42001,18.51998,17.93999,17.97998,1786400,4.65501
18.78998,18.78998,18.38001,18.52999,1890900,4.7974
18.63,18.63,18.63,18.63,000,4.82329
18.63,18.63,18.63,18.63,000,4.82329
18.63,18.63,18.63,18.63,000,4.82329
18.63,18.63,18.63,18.63,000,4.82329
18.63,18.63,18.63,18.63,000,4.82329
18.29002,18.77,18.20002,18.63,3634000,4.82329
18.24001,18.25999,18.06001,18.20002,1102900,4.71197
18.10001,18.33001,18.06998,18.16999,2198700,4.7042
17.78,18.16999,17.70001,18.16999,2165400,4.7042
18.20002,18.32,17.68,17.84999,2876100,4.62135
18.33998,18.45,18.15001,18.18,2236100,4.70679
18.45,18.50,18.11999,18.33998,2522200,4.74821
18.36,18.74999,18.05,18.46001,5502300,4.77928
19.37999,19.37999,18.45,18.46001,7110700,4.77928
18.18,18.65999,18.06998,18.45,4107400,4.77669
18.00,18.48999,17.70001,18.19001,4818400,4.70938
18.61999,18.87998,17.44999,18.00,9348100,4.66019
18.50,18.95,18.15001,18.69001,9883900,4.83883
18.97999,19.28001,18.11002,18.59,23281300,4.81294
18.28001,18.28001,18.28001,18.28001,4036900,4.73268
16.60,16.80001,16.30001,16.62001,2648700,4.30291
16.80001,16.99999,16.54999,16.62998,2658200,4.30549
17.03999,17.20001,16.60,16.93001,3396000,4.38317
17.02001,17.20001,16.85999,17.13999,4702300,4.43753
16.23999,17.19,16.23999,17.11001,5842400,4.42977
16.30001,16.80001,16.09999,16.21001,5341300,4.19676
16.27999,16.39001,16.08001,16.13999,3058400,4.17863
16.22002,17.07998,16.09999,16.44998,5643400,4.25889
16.16,16.53001,15.91999,16.53001,4272600,4.27961
16.00999,16.22999,15.80,16.17001,2643300,4.18641
15.98,16.13999,15.50999,16.08001,3807000,4.1631
15.78999,15.78999,15.78999,15.78999,000,4.08802
15.78999,15.78999,15.78999,15.78999,000,4.08802
15.78999,15.78999,15.78999,15.78999,000,4.08802
16.02,16.12001,15.66,15.78999,3697800,4.08802
15.78999,16.22002,15.61,16.00999,4348400,4.14498
16.83,16.83,15.76001,15.76001,7069800,4.08026
15.59999,16.67002,15.50999,16.54999,7648400,4.28478
15.08,15.80,14.95001,15.70,6481700,4.06472
14.87999,15.19999,14.65999,15.19999,4963900,3.93527
14.42002,14.94,14.20999,14.87999,6630000,3.85242
14.04,14.55001,13.81,14.41001,4628000,3.73074
13.81,14.14001,13.81,14.04,905300,3.63495
14.05001,14.46001,13.90,14.02999,1674800,3.63236
13.90,14.08,13.83998,14.05001,1498700,3.63754
13.29001,13.97999,13.20998,13.97999,2350100,3.61941
13.41,13.50,13.23,13.25002,528200,3.43042
13.30999,13.48999,13.15001,13.46,782000,3.48479
13.50,13.55,13.27,13.28,1142000,3.43818
13.43002,13.64,13.27,13.56998,1671700,3.51326
13.25999,13.42001,13.07999,13.39999,1143700,3.46925
13.24001,13.45,13.12999,13.25999,660600,3.433
12.84998,13.36,12.73,13.25002,1487800,3.43042
12.57998,13.14,12.24,13.00,727100,3.36569
13.05,13.18,12.60,12.71002,299800,3.29061
13.07999,13.20001,12.89999,13.05,260600,3.37864
13.16999,13.23,12.98002,13.00,403200,3.36569
13.33001,13.34999,13.12999,13.15001,410700,3.40453
13.86,13.97002,13.34999,13.38998,739000,3.46666
14.19001,14.19001,13.83001,13.87001,349200,3.59094
14.10001,14.27,14.10001,14.20999,476600,3.67896
14.37998,14.37998,14.10001,14.13,830900,3.65825
14.06002,14.47999,14.00,14.37001,1209600,3.72039
14.05001,14.44,14.00,14.11999,1099800,3.65566
13.79002,14.42999,13.64,14.14001,1021300,3.66084
13.88002,13.92998,13.70002,13.73,715700,3.55469
14.24999,14.24999,13.83998,13.83998,574000,3.58316
14.22,14.31,14.05001,14.31,884500,3.70485
14.23001,14.53,14.14001,14.22,1173600,3.68155
14.29999,14.64998,14.19998,14.19998,873300,3.67637
14.11999,14.60002,14.00,14.19998,714700,3.67637
14.24002,14.31,14.10998,14.10998,917000,3.65307
14.28001,14.36,14.24999,14.31,449100,3.70485
14.51999,14.55998,14.18,14.29999,1264800,3.70226
14.83999,14.83999,14.53,14.60002,1812100,3.77993
14.59001,14.98,14.47999,14.86001,1883400,3.84725
14.36,14.59001,14.35,14.58,1144000,3.77475
14.55001,14.55001,14.29999,14.35,503900,3.7152
14.35,14.50001,14.29999,14.45,835000,3.7411
14.36,14.45,14.19998,14.37001,664200,3.72039
15.08,15.14002,14.35,14.45,2380300,3.7411
15.13001,15.23999,15.09998,15.14999,915000,3.92232
15.09998,15.17,15.03,15.12,711600,3.91456
15.22001,15.25,15.10999,15.10999,956800,3.91197
15.32002,15.32002,15.03,15.22001,1363000,3.94045
15.45998,15.54998,15.28999,15.28999,1744000,3.95857
15.19999,15.68999,14.99,15.68999,5175000,4.06213
15.80,15.80,15.80,15.80,000,4.09061
15.80,15.80,15.80,15.80,000,4.09061
15.80,15.80,15.80,15.80,000,4.09061
15.75,16.34,15.66,15.80,1512300,4.09061
15.70,15.94001,15.52,15.77999,743100,4.08543
15.76001,15.95002,15.70,15.94001,1144000,4.12686
15.32999,15.80,15.32999,15.76001,1062500,4.08026
15.35,15.45001,15.32002,15.41002,457300,3.98964
15.44,15.44,15.44,15.44,000,3.99741
15.44,15.44,15.44,15.44,000,3.99741
15.44,15.44,15.44,15.44,000,3.99741
15.44,15.44,15.44,15.44,000,3.99741
15.44,15.44,15.44,15.44,000,3.99741
15.25,15.46999,15.19999,15.44,728800,3.99741
15.09001,15.48,15.00001,15.32999,1018200,3.96892
15.30,15.44,14.95001,15.05999,617900,3.89902
15.57,15.57,15.22001,15.49001,526600,4.01035
15.35,15.58001,15.27998,15.52,296400,4.01812
15.45998,15.59002,15.32002,15.35,603100,3.97411
15.95002,15.95002,15.41999,15.41999,1214600,3.99222
16.02,16.07,15.90998,15.99998,650400,4.14238
15.90001,16.08001,15.72001,15.98,792200,4.13721
16.49999,16.62001,15.81001,15.88,1256200,4.11132
16.75001,16.75001,16.40002,16.53001,965500,4.27961
16.74,16.87,16.45999,16.58001,2308900,4.29255
17.33,17.34998,16.76999,16.80001,2272400,4.34951
16.71001,17.34998,16.61,16.98998,3816600,4.3987
16.80001,16.94002,16.63999,16.71998,2281200,4.32879
16.70,16.98998,16.65,16.80001,3556300,4.34951
16.40999,16.65,16.33,16.57001,2385200,4.28996
15.97,16.49999,15.97,16.38,2429200,4.24077
16.06,16.40002,16.02,16.08001,1573800,4.1631
15.73999,16.17998,15.55999,16.06,1421500,4.15792
15.62,15.91999,15.62,15.75,902100,4.07766
15.86999,16.25,15.31001,15.77999,1564700,4.08543
15.72998,16.13999,15.59999,15.85001,954700,4.10356
15.68001,15.95002,15.54998,15.90001,1039900,4.1165
16.00999,16.02,15.61,15.68001,1286500,4.05955
16.30001,16.57001,16.15,16.15,1519300,4.18122
16.17998,16.62998,16.13001,16.49999,1665900,4.27184
16.30001,16.43,16.15,16.25,1691200,4.20711
16.12001,16.54999,16.12001,16.38,1599100,4.24077
15.90001,16.25,15.89,16.17998,830500,4.18899
15.75,16.22999,15.67001,16.22999,785200,4.20193
15.70,15.81998,15.63998,15.72998,605300,4.07248
16.09999,16.09999,15.72001,15.72001,1019000,4.0699
16.20,16.27999,15.70,16.18999,1943900,4.19158
16.57001,16.57001,16.26001,16.26001,1371400,4.20971
16.70,16.76002,16.40999,16.43,1619400,4.25372
16.49999,16.84001,16.40002,16.81999,2141300,4.35468
16.49999,16.70,16.26998,16.70,1703400,4.32362
16.58001,16.74,16.33,16.53998,2411200,4.28219
15.90001,16.85999,15.73999,16.85999,2867400,4.36504
15.50999,16.06,15.50999,16.02,2035100,4.14757
15.62,15.72001,15.39,15.50999,1176000,4.01553
15.36001,15.78999,15.32002,15.76001,1298800,4.08026
15.70,15.70,15.21,15.41999,1257500,3.99222
16.11,16.29,15.49001,15.61,1860700,4.04142
16.40999,16.47,16.08998,16.17001,2073200,4.18641
16.49002,16.67999,16.08998,16.45999,3910000,4.26148
16.00999,17.47001,15.82999,16.65,7101600,4.31067
15.64999,16.09999,15.64999,16.02,1615600,4.14757
16.20,16.20,15.30,15.89,1768100,4.11391
15.85001,16.30001,15.70,16.02,2655000,4.14757
15.62,16.20,15.53,15.86999,3274800,4.10873
15.61,15.68999,15.18998,15.64999,2480600,4.05177
15.59002,15.80,15.41002,15.68999,2698200,4.06213
16.76999,16.87,15.63001,15.63001,4139600,4.0466
17.07001,17.07001,16.67999,16.75001,3318400,4.33657
16.97,17.28,16.67002,17.21002,4887200,4.45566
17.30999,17.43001,16.70,16.93001,4780300,4.38317
18.02002,18.23,17.25998,17.29001,5110500,4.47637
18.42998,18.42998,18.15001,18.19001,2664800,4.70938
18.93999,19.08,18.00,18.58,4844200,4.81035
18.79999,19.14998,18.60998,18.95,4046700,4.90614
19.26,19.46002,18.70999,18.88999,5988500,4.89061
18.72,19.64999,18.60001,19.24999,9146100,4.98381
18.45,18.78001,18.33001,18.65999,4303400,4.83106
18.10001,18.65002,18.02999,18.40,4019400,4.76375
18.40,18.65002,18.09,18.10001,4317300,4.68608
18.31,18.95,18.23,18.52999,6292900,4.7974
18.51001,18.51001,17.93001,18.29002,4704200,4.73527
19.73001,19.73001,18.59,18.60001,7664300,4.81553
19.81001,19.81001,19.81001,19.81001,000,5.1288
20.04998,20.30,19.68001,19.81001,7406600,5.1288
19.91999,20.94998,19.72001,20.35001,13689300,5.2686
20.49998,20.57,19.90001,19.91002,16326300,5.15469
